nf_calories,nf_sodium,nf_dietary_fiber,nf_protein,nf_vitamin_a_dv,nf_vitamin_c_dv,nf_calcium_dv,nf_iron_dv,nf_serving_weight_grams,key_ingredient
5,1.46,0.41,0.12,0.21,1.24,1.26,0.75,1.9,Allspice
12.1,0.38,0,0,0,0,0.05,0.03,4.2,Almond Extract
56.04,9.59,0.63,1.06,0,0,2,1,248.8,Almond Milk
36.54,1760,,2,,,,,100,Ancho Chillies
195.38,5600,0,22,,,,,100,Anchovy Fillet
50.19,11.95,0,0,0,0,1.67,2.66,239,Apple Cider Vinegar
16.5,10.5,1.5,1.8,15.09,9.63,1.72,3.79,75,Asparagus
34.65,0.99,2.48,0.82,0.73,2.15,0.59,1.38,99,Aubergine
233.6,10.22,9.78,2.92,4.26,24.33,1.75,4.46,146,Avocado
37.02,80,1.4,2,,,,,200,Baby Plum Tomatoes
44.39,177.63,0,2.89,0,0,0,1,8.1,Bacon
2.43,2.25,0.06,0,0,0,10.83,1.13,2.5,Baking Powder
4.66,1.22,,0.03,0,0,0.14,0.21,5.3,Balsamic Vinegar
9.75,1.7,0.68,1.34,45,13,8,7,42.4,Basil
1.38,0.24,0.1,0.19,6.33,1.8,1.06,1.06,6,Basil Leaves
205.4,1.58,0.63,4.25,0,0,1.58,10.53,158,Basmati Rice
0.63,0.05,0.05,0.02,0.25,0.16,0.17,0.48,0.2,Bay Leaf
5.63,0.41,0.47,0.14,2.23,1.39,1.5,4.3,1.8,Bay Leaves
308.45,103.19,0,30.62,0.2,0,3.18,17.52,113.4,Beef
380,100,0,26,0,0,2,15,151,Beef Brisket
15,450,,0.5,,10,,,5,Beef Fillet
123.49,1304.8,0.93,8.74,0.14,0,1.4,9.06,233,Beef Gravy
31.2,475.2,0,4.73,0,0,1.92,3.6,240,Beef Stock
0,160,,0,0,0,0,0,0.6,Bicarbonate Of Soda
21,995,1,1,13,0,2,3,8,Biryani Masala
5.77,0.46,0.58,0.24,0.25,0,1.02,1.24,2.3,Black Pepper
294.26,100,0,1.7,,,,,100,Black Treacle
115.84,40,7.7,9,,,,,123,Borlotti Beans
169.06,1.07,1.92,6.2,0,0,0.75,7.61,107,Bowtie Pasta
84,,2.8,1,,,,,100,Bramley Apples
97.02,0.42,0,0,0,0,0,0.09,42,Brandy
79.8,147,0.81,2.66,0.01,0,4.32,6.02,30,Bread
426.6,790.56,4.86,14.42,0,0,19.76,28.98,108,Breadcrumbs
27.3,31.98,2.57,1.86,24.15,84.37,3.12,2.9,78,Broccoli
225.72,471.24,15.64,17.86,0.32,4.95,3.76,36.63,198,Brown Lentils
109.2,0.98,1.75,2.26,0,0,0.98,2.87,97.5,Brown Rice
551,40.6,0,0.17,0,0,12.04,5.72,145,Brown Sugar
810.21,726.59,0,0.96,56.48,0,2.71,0.13,113,Butter
28.7,0,1.4,1.4,0,0,0,14,7,Cacao
5,70,0,0,,,,,,Cajun
30.4,218.5,3.61,1.5,15.5,39.9,6.27,6.02,190,Canned Tomatoes
78.1,2,9.9,5.5,,,,,80,Cannellini Beans
18.04,1.04,1.62,0.62,0,2.03,2.22,4.5,5.8,Cardamom
27.3,45.24,2.34,0.59,265.71,4.68,2.34,1.47,78,Carrots
786.38,876.8,4.11,20.97,0,0,6.17,45.67,137,Cashew Nuts
786.38,876.8,4.11,20.97,0,0,6.17,45.67,137,Cashews
16.24,0,,0,,,,,4,Caster Sugar
5.72,0.54,0.49,0.22,14.98,2.29,0.27,0.78,1.8,Cayenne Pepper
41.85,94.55,1.86,1.49,0,9.3,4.03,3.7,155,Celeriac
27,136.5,2.4,1.24,15.63,15.25,6.3,3.5,150,Celery
4.08,1227.73,0.12,0.19,0,0,2,3,4.2,Celery Salt
Challots
192.03,40,2.5,4.3,,,,,250,Charlotte Potatoes
533.28,861.96,0,30.19,32.79,0,93.72,1.03,132,Cheddar Cheese
985.76,1593.32,0,55.8,60.61,0,173.24,1.9,244,Cheese
113.12,182.84,0,6.4,6.96,0,19.88,0.22,28,Cheese Curds
3.06,0.85,0.2,0.15,3,4,0,0,17,Cherry Tomatoes
15.84,4.32,0.43,1.8,0,0,1.3,1.6,72,Chestnut Mushroom
2358.4,761.12,0,256.85,128,7.15,13.94,95.88,1072,Chicken
46.78,20.98,0,8.79,0.12,0,0.43,1.64,28.35,Chicken Breast
231,103.6,0,43.43,0.59,0,2.1,8.09,140,Chicken Breasts
474.72,252.84,0,62,3.51,0,3.1,15.62,258,Chicken Legs
10.8,42.9,0,0.76,0.02,0.1,0.09,0.35,30,Chicken Stock
42.8,34.8,0,4.69,0.22,0,0.22,1.13,20,Chicken Thighs
268.96,11.48,12.46,14.53,0.89,3.55,8.04,26.33,164,Chickpeas
7.61,77.41,0.94,0.36,16.01,0.03,0.89,2.6,2.7,Chili Powder
260,35,3,11,,,6,4,55,Chilled Butter
283.2,986.4,1.2,18.07,13.01,7.2,7.2,26.8,240,Chilli
327.22,1400,37.6,14.8,,,,,100,Chilli Powder
19.36,6.16,2.2,1,28.83,41.36,8.8,2.74,88,Chinese Broccoli
873.6,20.02,10.74,7.64,0,0,5.82,31.65,182,Chocolate Chips
0,0,,0,0,0,0,0,,Chopped Onion
21.6,33.6,1.98,1.78,101.09,133,8.28,20.67,60,Chopped Parsley
29.14,272,1.4,1.3,,,,,100,Chopped Tomatoes
128.99,350.12,0,6.83,0,0,0.23,2.5,28.35,Chorizo
269.13,32,,3.6,,,,,100,Christmas Pudding
4.6,9.2,0.56,0.43,26.99,9,1.34,1.97,20,Cilantro
6.42,0.26,1.38,0.1,0.15,0.16,2.61,1.2,2.6,Cinnamon
3.21,0.13,0.69,0.05,0,0,1,1,1.3,Cinnamon Stick
17.81,18.01,2.2,0.39,0.21,0.02,4.11,4.27,6.5,Cloves
16,5,0,1,0,0,0,2,5,Coco Sugar
20.5,0,1,1,0,0,0,10,5,Cocoa
1056.72,106.56,0.59,3.46,0,0,1.18,2.14,296,Coconut Cream
29.55,1.95,,0.3,0,0.25,0.27,2.75,15,Coconut Milk
65.19,102.34,0,4.1,3,0,12,1,17,Colby Jack Cheese
45,25,,0,25,25,10,0,226,Cold Water
982.26,388.62,0,24.2,16.34,13.26,86.9,3.23,306,Condensed Milk
14.9,1.75,2.1,0.62,0,1.75,3.55,4.53,5,Coriander
4.6,9.2,0.56,0.43,26.99,9,1.34,1.97,20,Coriander Leaves
5.36,0.63,0.75,0.22,0,0.63,1.28,1.63,1.8,Coriander Seeds
52.32,10.8,1.51,1.37,0.01,0,1.94,1.64,24,Corn Tortillas
487.68,11.52,1.15,0.33,0,0,0.26,3.34,128,Cornstarch
408,32.4,0,3.41,35.28,1.2,7.92,0.67,120,Cream
921.15,367.01,0,5.42,71,2,14,1,230,Creme Fraiche
106,152,0,7,4,0,21,0,,Cubed Feta Cheese
30.15,4.02,1.01,1.31,4.21,9.39,3.21,3.13,201,Cucumber
22.5,10.08,0.63,1.07,1.52,0.77,5.59,22.12,6,Cumin
7.87,3.53,0.22,0.37,0.53,0.27,1.96,7.74,2.1,Cumin Seeds
20.48,3.28,3.35,0.9,0.02,0.07,3.31,6.69,6.3,Curry Powder
551,40.6,0,0.17,0,0,12.04,5.72,145,Dark Brown Sugar
394.81,76,0.5,0,,,,,100,Dark Soft Brown Sugar
2.81,291.13,0.04,0.43,0,0,0.17,0.43,5.3,Dark Soy Sauce
15,0,0,0,,,,,4,Demerara Sugar
39.28,223.46,4.66,1.94,22,52,8,8,246,Diced Tomatoes
139.5,76.26,0.63,1.56,0,0,2,2,28.35,Digestive Biscuits
2.53,2.08,0.14,0.2,1.17,0.83,1.78,2.71,1,Dill
310,380,1,10,0,0,4,10,100,Doner Meat
30,0,,0,0,0,0,0,9,Double Cream
4.77,0.45,0.76,0.16,0.61,0.07,2.87,3.68,1.8,Dried Oregano
20,190,,0,,,,,29,Dry White Wine
70,65,0,6,10,0,2,6,53,Egg Plants
180,510,2,7,10,10,4,8,85,Egg Rolls
23.92,76.36,0,5.02,0,0,0,0,46,Egg White
782.46,116.64,0,38.54,70.08,0,31.35,36.86,243,Egg Yolks
347.49,345.06,0,30.52,26.24,0,13.61,23.63,243,Eggs
24,520.2,1.02,1,8,2,,2,60,Enchilada Sauce
9.79,164,,0.25,,,,,5,English Mustard
59.67,0.14,0,0,0,0,0,0.21,6.75,Extra Virgin Olive Oil
18.35,410.57,0.76,0.26,4.27,0,0,2.28,5.7,Fajita Seasoning
169.06,1.07,1.93,6.21,0,0,0.75,7.61,107,Farfalle
72.54,121.68,7.25,2.9,45.07,46.8,11.47,9.49,234,Fennel
72.54,121.68,7.25,2.9,45.07,46.8,11.47,9.49,234,Fennel Bulb
6.9,1.76,0.8,0.32,0.05,0.7,2.39,2.06,2,Fennel Seeds
35.85,7.44,2.73,2.55,0.13,0.56,1.95,20.68,11.1,Fenugreek
44.88,155.89,0,2.42,1.43,0,8.38,0.61,17,Feta
6.3,1413.18,0,0.91,0.04,0.15,0.77,0.78,18,Fish Sauce
159.55,0,1.9,6.4,,,,,25,Flaked Almonds
190,55,0,0,0,0,2,0,40,Flax Eggs
455,2.5,3.38,12.91,0,0,1.88,32.22,125,Flour
380.25,559.26,3.86,10.18,0,0,4.56,21.45,117,Flour Tortilla
110,0,,,,,,,148,Floury Potatoes
59,190,,12,,,,,,"Free-range Egg, Beaten"
85,,,,,,,,,"Free-range Eggs, Beaten"
252,7.5,22.5,19.5,,,6,22.5,68,French Lentils
9.21,1.59,0.64,1.27,41.91,11.91,6.99,6.99,39.69,Fresh Basil
0.4,0.04,0.06,0.02,0.38,1.07,0.16,0.39,0.4,Fresh Thyme
110,80,5,4,,,,4,28,Freshly Chopped Parsley
274.56,184.8,3.35,3.02,0,6.89,1.59,3.97,88,Fries
220,75,0,19,8,0,25,0,227,Full Fat Yogurt
8.2,2.2,0.63,0.29,0,0,2,4,2.6,Garam Masala
4.47,0.51,0.06,0.19,0.01,1.56,0.54,0.28,3,Garlic
4.47,0.51,0.06,0.19,0.01,1.56,0.54,0.28,3,Garlic Clove
10.26,1.86,0.28,0.51,0,0.06,0.24,0.97,3.1,Garlic Powder
208.17,2798.71,0.5,5.5,0,1,2,7,140.75,Garlic Sauce
112.13,0.26,0,0.04,7.86,0,0.05,0,12.8,Ghee
19.2,3.12,0.48,0.44,0,2,0.38,0.8,24,Ginger
20.3,0,,0,,,,,,Ginger Cordial
61.12,257.81,0.27,0.48,0,3,1,1,19.21,Ginger Garlic Paste
40.3,2.08,0.32,0.29,0,1,0,1,19.11,Ginger Paste
120,20,,0,0,0,0,0,28,Golden Syrup
100.93,232.19,0,7.07,3.19,0,19.85,0.38,28.35,Gouda Cheese
16.25,0.04,0,0,0,0,0,0.01,4.2,Granulated Sugar
1.42,0.4,0.09,0.07,1,2,0,0,7.9,Grape Tomatoes
133.74,81.6,0,23.09,0.19,0,24.93,0.88,226.67,Greek Yogurt
17.05,3.3,1.49,1.01,7.59,11.18,2.04,3.15,55,Green Beans
5.49,500,,0.25,,,,,25,Green Chilli
3.92,42.01,0.09,0.03,0.21,0,0.14,0.07,2.7,Green Olives
160,15,7,12,0,0,4,15,49,Green Red Lentils
11.4,180,0.57,0.34,1.3,6.15,0.27,1.08,30,Green Salsa
100,15,1,0,0,2,0,2,24,Ground Almonds
22.5,10.08,0.63,1.07,1.52,0.77,5.59,22.12,6,Ground Cumin
6.03,0.49,0.25,0.16,0.01,0.02,0.21,1.98,1.8,Ground Ginger
120,160,0,8,10,0,30,0,28,Gruy√®re
140,0,2,2,0,0,2,4,26,Hard Taco Shells
52,7,,3,0,0,0,0,100,Harissa Spice
408,32.4,0,3.41,35.28,1.2,7.92,0.67,120,Heavy Cream
63.84,0.84,0.04,0.06,0,0.18,0.13,0.49,21,Honey
7.2,63,0.49,0.18,0.01,6.23,0.84,0.35,15,Horseradish
15,450,,0.5,,10,,,5,Hot Beef Stock
0.13,31.72,0,0.01,0.04,1.5,0.01,0.03,1.2,Hotsauce
136.62,52.8,0.46,2.31,5.56,0.66,8.45,0.33,66,Ice Cream
210,520,0,11,0,0,0,4,75,Italian Fennel Sausages
0.56,0.09,0.08,0.02,0,0,0,1,0.2,Italian Seasoning
4.06,0.42,0.39,0.13,3.02,27.67,0.17,0.19,14,Jalapeno
205.4,1.58,0.63,4.25,0,0,1.58,10.53,158,Jasmine Rice
109.5,6,2.4,3,0.6,10,2.1,28.33,150,Jerusalem Artichokes
36.4,29.9,2.6,2.47,354.15,88.83,9.36,6.5,130,Kale
Khus Khus
72.61,520,0.25,16,,,,,100,King Prawns
0,480,,0,,,,,1.2,Kosher Salt
171.7,56.1,0,22.6,0,0,1.44,11.52,85,Lamb
1317.6,341.28,0,123.04,0.97,0,4.78,53.77,432,Lamb Loin Chops
365.43,1080,4,20.3,,,,,439,Lamb Mince
365.2,0,1,7.1,,,,,100,Lasagne Sheets
121.33,200,0.5,20.4,,,,,100,Lean Minced Beef
38.44,12.4,1.24,1,20.14,8.68,3.72,7.58,124,Leek
2.03,0.14,0.2,0.08,0.03,6.18,0.18,0.23,7,Lemon
2.55,3.6,0.11,0.07,0.1,3.58,0.15,0.05,15,Lemon Juice
2.82,0.36,0.64,0.09,0.06,12.9,0.8,0.27,6,Lemon Zest
2.03,0.14,0.2,0.08,0.03,6.18,0.18,0.23,7,Lemons
14.45,6.8,1.79,1.05,148.07,5.67,2.81,4.58,85,Lettuce
20.1,1.34,1.88,0.47,0.67,32.5,2.21,2.23,67,Lime
15,5,2,1,150,6,2,4,85,Little Gem Lettuce
169.06,1.07,1.93,6.21,0,0,0.75,7.61,107,Macaroni
174.25,76.5,0,15.81,2.84,0.57,1.02,7.7,85,Mackerel
40,300,1,0,6,2,0,2,21,Madras Paste
1.63,0.46,0.24,0.08,0.97,0.51,1.19,2.76,0.6,Marjoram
174.6,928,3.4,2.8,,,,,100,Massaman Curry Paste
66.48,0.24,1.61,0.43,0.72,0,1.54,1.2,24,Medjool Dates
60,15,0,1,0,0,0,4,23,Meringue Nests
90.65,129.85,0,8.75,10.49,4.08,31.61,0.68,245,Milk
44.7,5.1,0.63,1.91,0.05,15.6,5.43,2.83,30,Minced Garlic
100,25,,0,0,0,0,0,30,Miniature Marshmallows
7.88,0.76,0,0,0,0,0,0,2,Mint
104.44,168,0,6.85,4.31,0,20.89,1.12,28,Monterey Jack Cheese
40,90,0,3,,,,,,Mozzarella Balls
389.08,224,0,0.3,,,,,100,Muscovado Sugar
43.68,3.12,3.43,3.39,0,10.4,0.94,15.08,156,Mushrooms
5,70,,0,0,0,0,0,5,Mustard
32,0.82,0.77,1.64,0.04,0.75,1.68,3.22,6.3,Mustard Powder
32,0.82,0.77,1.64,0.04,0.75,1.68,3.22,6.3,Mustard Seeds
11.55,0.35,0.46,0.13,0.04,0.11,0.4,0.37,2.2,Nutmeg
123.76,0,0,0,0,0,,,14,Oil
119.34,0.27,0,0,0,0,0.01,0.42,13.5,Olive Oil
2.05,1798.81,0.09,0.06,0,0,0,0,5.24,Onion Salt
41.36,2.82,1.32,1.28,0.04,8.15,2.07,1.25,94,Onions
68.6,1.4,3.08,1.27,6.92,137.9,6.02,1.01,140,Orange
1.94,0.06,0.21,0.03,0.17,4.53,0.32,0.09,2,Orange Zest
4.77,0.45,0.76,0.16,0.61,0.07,2.87,3.68,1.8,Oregano
9.18,491.94,0.05,0.24,0,0.03,0.58,0.18,18,Oyster Sauce
6.49,1.56,0.8,0.33,22.66,0.03,0.53,2.7,2.3,Paprika
80,600,,9,,,,,30,Parma Ham
21,90.2,0,1.42,0.97,0,4.27,0.14,5,Parmesan
21,90.2,0,1.42,0.97,0,4.27,0.14,5,Parmesan Cheese
40.38,141.73,0,3.68,1.61,0,12.2,0.47,10.3,Parmigiano-reggiano
3.6,5.6,0.33,0.3,16.85,22.17,1.38,3.44,10,Parsley
1542.84,43.86,12.9,57.3,0,0,12.64,24.94,258,Peanut Butter
39.78,0,0,0,0,0,0,0.01,4.5,Peanut Oil
862.56,460.8,13.54,40.36,0,1.92,8.78,12.16,144,Peanuts
134.4,4.8,8.8,8.58,25.63,37.87,4.32,13.69,160,Peas
109.71,406.26,0,9.02,2.35,0,30.16,1.21,28.35,Pecorino
169.06,1.07,1.93,6.21,0,0,0.75,7.61,107,Penne Rigate
17.32,1.38,1.75,0.72,0.75,0,3.06,3.72,6.9,Pepper
11.44,0.03,0.06,0.23,0.01,0.02,0.03,0.52,1.7,Pine Nuts
20,120,0,0,0,0,0,4,15,Pitted Black Olives
504.2,0,1,5.8,,,,,100,Plain Chocolate
344.42,0,3.2,10.4,,,,,100,Plain Flour
3.6,1,0.24,0.18,3.33,4.57,0.2,0.3,20,Plum Tomatoes
373.55,528,,8.4,,,,,100,Pork
42.84,6.6,0.71,0.83,0,1,1,1,12,Potato Starch
195.3,21,4.63,5.25,0.43,33.6,3.15,12.6,210,Potatoes
172.55,1373.15,0,33.03,8.73,0,13.19,2.58,145,Prawns
223.2,101.2,0.6,2.96,0.01,0,0.4,5.78,40,Puff Pastry
55.6,6.4,0.22,0.07,0,2.93,0.4,0.54,20,Raspberry Jam
66.88,560,0.5,14.4,,,,,100,Raw King Prawns
5,1.5,,,,,,,,Red Chile Flakes
5,1.5,,,,,,,,Red Chilli
5,1.5,,,,,,,,Red Chilli Powder
41.36,2.82,1.32,1.28,0.04,8.15,2.07,1.25,94,Red Onions
5,1.5,,,,,,,,Red Pepper
16.85,1.59,1.44,0.64,44.11,6.75,0.78,2.3,5.3,Red Pepper Flakes
634.95,29.98,0,0.51,0,0,0,25.41,747,Red Wine
397.8,1635.4,16.35,22.01,0,44.2,12.82,35.36,442,Refried Beans
205.4,1.58,0.63,4.25,0,0,1.58,1.76,158,Rice
190.08,33.44,1.76,3.15,0,0,0.7,1.37,176,Rice Noodles
140,990,1,8,10,6,2,4,227,Rice Stick Noodles
30.62,5.39,0.28,0.51,0,0,0.11,0.22,28.35,Rice Vermicelli
199.87,1.27,2.28,7.34,0,0,1,9,126.5,Rigatoni
0.5,0.54,0.03,0.05,0.95,0.5,0.32,0.16,2,Rocket
102.33,1.62,2.73,3.55,0,0,1.4,6.38,27,Rolled Oats
10.92,1.65,1.41,0.16,2.06,3.37,4.22,5.36,3.3,Rosemary
2.17,1.04,0.03,0.08,0.07,0.94,0.08,0.43,0.7,Saffron
2.2,0.08,0.28,0.07,0.83,0.38,1.16,1.09,0.7,Sage
38.99,0.58,0,0.15,0,0,0.15,0.16,29.1,Sake
467.62,138.47,0,50.18,10.44,13.99,3.39,4.3,227,Salmon
10.44,255.96,0.68,0.55,3.32,1.14,1.08,0.84,36,Salsa
0,113173.36,0,0,0,0,7.01,5.35,292,Salt
101.81,91.31,0,0.12,7.1,0,0.34,0.02,14.2,Salted Butter
74.75,187.22,0,4.26,0.43,0,0.21,1.53,23,Sausages
0,155.03,0,0,0,0,0.01,0.01,0.4,Sea Salt
442.5,1491.25,3.38,12.36,0,0,42.25,32.43,125,Self-raising Flour
488,458.72,0,32.21,37.09,3.25,117.12,1.08,976,Semi-skimmed Milk
160.18,3.12,3.97,4.81,0.05,0,28.04,23.25,28.35,Sesame Seed
30.62,5.1,1.36,1.06,0.04,5.66,1.57,2.85,42.53,Shallots
100.24,94.64,0,6.59,3.69,0,18.45,0.92,28,Shredded Mexican Cheese
421.49,678,0,27.66,17,0,84,5,113,Shredded Monterey Jack Cheese
110,0,2,3,0,45,2,6,148,Small Potatoes
19.18,4.62,2.37,0.96,66.99,0.1,1.56,7.99,6.8,Smoked Paprika
97.21,440,,17,,,,,,Smoky Paprika
455.4,71.3,0,5.61,20.56,3.45,23.23,0.89,230,Sour Cream
145.35,9174.9,1.78,23.08,0,0,7.65,19.13,255,Soy Sauce
99.63,119.07,0.97,7,10.01,0,29.89,5.94,243,Soya Milk
210.36,6.73,1.81,7.39,0,0,1,10,140,Spaghetti
455.84,1338.41,5.88,30.08,461,120,46,51,542.63,Spinach
0,0,,0,0,0,0,0,,Spring Onions
150,10,1,1,,,,,,Squash
170.55,916.57,5.01,6.03,23,256,8,10,237.82,Stir-fry Vegetables
8.64,0.27,0.54,0.18,0.06,26.46,0.43,0.62,27,Strawberries
10.84,0.03,0,0,0,0,0,0.01,2.8,Sugar
86.94,2.52,1.13,0.91,1.66,6.72,1.26,2.52,126,Sultanas
39.78,0,0,0,0,0,0,0,4.5,Sunflower Oil
129,10,0,0,0,4,3,6,35,Tamarind Ball
100.79,2840,,0.5,,,,,100,Tamarind Paste
8,,,1,,,,,,Thai Fish Sauce
20,225,1,0,0,0,8,10,15,Thai Green Curry Paste
150.23,1640,4.7,2,,,,,100,Thai Red Curry Paste
0.4,0.04,0.06,0.02,0.38,1.07,0.16,0.39,0.4,Thyme
9.09,81.63,0.03,0.09,0.95,0.61,0.13,0.18,9,Tomato Ketchup
95,70,4.75,4.13,25.5,44.17,4.5,24.72,250,Tomato Puree
26.82,7.45,1.79,1.31,24.82,34.02,1.49,2.24,149,Tomatoes
120,5,5,8,0,0,4,10,35,Toor Dal
184.28,76.55,0,41.32,1.85,0,0.57,7.24,141.75,Tuna
29.33,2.54,2.13,0.91,0,0.11,1.58,28.72,9.4,Turmeric
0,0,0,0,0,0,0,0,,Turmeric Powder
34.32,24.96,3.12,1.11,0,30.16,5.15,1.56,156,Turnips
12.1,0.38,0,0,0,0,0.05,0.03,4.2,Vanilla
12.1,0.38,0,0,0,0,0.05,0.03,4.2,Vanilla Extract
182.75,124.1,0,21.96,0,0,1.53,7.08,85,Veal
425.62,720,7.5,13,,,,,100,Vegan Butter
120.22,0,0,0,0,0,0,0.02,13.6,Vegetable Oil
13.2,666.6,0,0.51,12.72,1.47,0.66,0.98,220,Vegetable Stock
6.93,360,0,0.1,,,,,,Vegetable Stock Cube
70.56,291.94,0,0.12,0,0,0,0,29.4,Vinaigrette Dressing
210,510,3,3,4,4,0,20,134,Vine Leaves
0.9,0.1,0,0,0,0,0.03,0.01,5,Vinegar
0,1.18,0,0,0,0,0.09,0,29.6,Water
226.38,37.8,0.08,2.47,0,0,8,1,42,White Chocolate Chips
113.9,43.35,0,16.23,2.04,0,2.21,1.75,85,White Fish
100,100,0,20,0,0,6,2,113,White Fish Fillets
0.9,0.1,0,0,0,0,0.03,0.01,5,White Vinegar
120.55,7.35,0,0.1,0,0,0,0,147,White Wine
148.84,104.92,0,7.69,7.91,0,27.57,0.41,244,Whole Milk
70,95,2,2,0,8,0,4,28.35,Whole Wheat
100.8,182,2.4,4.97,0.02,0,6.44,5.49,40,Wholegrain Bread
214.5,2695,0,0,4.35,59.58,29.43,80.97,275,Worcestershire Sauce
71.19,79.1,0,5.93,1.15,1.51,20.68,0.51,113,Yogurt
32.55,6.51,2.17,2.47,48.48,46.66,3.91,4.46,217,Zucchini
153.59,496,1.35,4.02,0,1.4,1.09,10.17,40,Pretzels
56,50.24,0,0.98,3.56,0,1.55,0.1,16,Cream Cheese
9.73,0.05,0,0,0,0,0,0.01,2.5,Icing Sugar
181.02,86.52,2.18,1.6,0,0,1.48,4.44,42,Toffee Popcorn
88.56,139.81,0,0.5,0.5,0.34,2.01,0,41,Caramel
88.56,139.81,0,0.5,0.5,0.34,2.01,0,41,Caramel Sauce
167.68,7.68,,6.59,1,0,1,8,128,Tagliatelle
42.82,1.36,0.37,1.51,0,0,0,2,28.35,Fettuccine
230,0,,1,,,,,,Clotted Cream
422.37,5.85,8.54,8.11,5.01,0,0.82,15.47,117,Corn Flour
146.2,313.65,0,20.23,5.17,19.27,2.81,31.73,85,Mussels
390,8,0,14,21,0,3,9,83,Fideo
64.6,15.3,0,12.31,0.68,1.42,0.68,1.51,85,Monkfish
221.2,1.4,2.52,8.12,0,0,1,10,140,Vermicelli Pasta
9,1670,0,2,0,0,0,0,,Baby Squid
250.22,119.64,0,42.41,1.82,21.3,8.73,10.27,272,Squid
37.28,363.48,0,5.27,0.28,0.39,0.7,0.13,233,Fish Stock
131.37,400,1.1,13.2,,,,,100,Pilchards
3.68,23.52,0.1,0.03,0.26,0.05,0.28,0.59,3.2,Black Olives
41.36,2.82,1.32,1.28,0.04,8.15,2.07,1.25,94,Onion
5.58,1.55,0.37,0.27,5.16,7.08,0.31,0.47,31,Tomato
1287.34,225.38,0,72.54,16.04,0,4.2,57.3,382,Duck
376.42,240,0.8,25.8,,,,,,Duck Legs
7.4,320,0.1,0.1,,,,,,Chicken Stock Cube
180.78,8.28,0,7.1,0.55,0,0.83,8.74,138,Pappardelle Pasta
198,0.04,1.9,7.8,0,0,1,4,56,Paccheri Pasta
213.3,1.35,2.43,7.83,0,0,0.95,9.6,135,Linguine Pasta
1.09,0.1,0.07,0.08,0.54,2.08,0.11,0.28,2.6,Sugar Snap Peas
78.58,124,0.8,3.2,,,,,30.5,Crusty Bread
48.25,40,,7.4,,,,,100,Fromage Frais
125.8,1021.7,0,21.72,9.69,31.31,7.82,13.27,85,Clams
35.11,160,1.1,1.2,,,,,100,Passata
88.37,0,,0,,,,,10,Rapeseed Oil
60.01,194.82,0,3.64,2.45,0,8.98,0.29,17,Stilton Cheese
140,70,0,23,0,0,2,10,113,Lamb Leg
37.42,19.56,0,5.67,0,0,0.34,2.74,28.35,Lamb Shoulder
16.8,0.35,0.7,0.49,13.48,5.83,0.46,0.76,35,Apricot
82,8.2,6.56,1.85,457.35,51.59,8.4,6.83,205,Butternut Squash
175.84,7.85,2.2,5.95,0,0,1.26,3.31,157,Couscous
308.45,103.19,0,30.62,0.2,0,3.18,17.52,113.4,Minced Beef
327.66,107.95,0,31.88,2.97,0,6.23,13.97,127,Turkey Mince
479.88,2865.33,2.51,2.29,12.5,2.79,9.21,9.92,279,Barbeque Sauce
143.04,1.49,3.58,5.08,7.84,13.66,0.45,3.72,149,Sweetcorn
87.66,2,0,0.05,,,,,10,Goose Fat
1808.1,0,0,0,0,0,0,0,205,Duck Fat
72.54,121.68,7.25,2.9,45.07,46.8,11.47,9.49,234,Fennel
0.95,0.4,0,0,0,0.04,0.03,0.13,5,Red Wine Vinegar
97.45,0,7.9,7.2,,,,,98,Haricot Beans
10.92,1.65,1.41,0.16,2.06,3.37,4.22,5.36,3.3,Rosemary
216.2,3.76,13.16,14.66,0,0,3.2,24.96,188,Butter Beans
15.16,0.11,0.95,0.96,0,0.14,0.49,1.23,10.6,Pinto Beans
102.06,2015.68,6.39,5.1,37.01,49.61,5.95,22.69,425.25,Tomato Sauce
102.06,2015.68,6.39,5.1,37.01,49.61,5.95,22.69,425.25,Tomato Sauce
122.01,121.66,0,1.3,9,0,2,0,28,Mascarpone
84.99,177.63,0,6.28,3.83,0,14.31,0.69,28.33,Mozzarella
39.12,28.07,0,3.23,2.18,0,7.71,0.69,28.35,Ricotta
8.44,0.35,0.26,0.12,2.52,0.06,0.19,0.52,3.5,Dried Apricots
1.98,201.93,0.28,0.2,0.24,0.62,0.34,0.8,8.6,Capers
89.89,1.01,2.63,1.1,1.29,14.65,0.51,1.46,101,Banana
9.88,0.19,1.24,0.23,0.13,8.3,0.48,0.73,19,Raspberries
0.78,0.01,0.03,0.01,0.01,0.22,0.01,0.02,1.36,Blueberries
523.2,1.6,5.36,12.18,0.32,1.73,7.84,12.93,80,Walnuts
10.3,0,0.14,0.14,0.02,0.03,0.1,0.21,1.49,Pecan Nuts
819,37.8,0,0.13,0,0,32.13,1.93,315,Maple Syrup
403.65,140,,0,,,,,100,Light Brown Soft Sugar
396.48,76,,0,,,,,100,Dark Brown Soft Sugar
917.28,40.32,11.76,8.2,2,,9,75,168,Dark Chocolate Chips
235.4,34.76,1.5,3.37,1.72,0,8.32,5.74,44,Milk Chocolate
155.93,6.52,2.04,1.44,0.28,0,1.62,12.8,28.35,Dark Chocolate
49,2.45,2.7,1.76,282,19.19,3.68,7.76,245,Pumpkin
212.57,80,1.2,2.7,,,,,46,Shortcrust Pastry
35,210,1,0,4,0,0,0,30,Peanut Cookies
5,0,,2,,,,,1.8,Gelatine Leafs
714.41,654.16,3.68,11.15,4.2,0,3.99,9.96,147,Peanut Brittle
57.33,0,2.21,1.34,9.58,16.17,0.88,2.04,147,Peaches
25,0,1,1,4,310,,2,100,Yellow Pepper
5,0,1,0,,,,,,Green Pepper
32.55,6.51,2.17,2.47,48.48,46.66,3.91,4.46,217,Courgettes
35,,,1,,,,,150,Tinned Tomatos
69.46,0.57,1.45,0.9,0.14,12.29,0.82,1.43,28.35,Chestnuts
0.34,0.01,0.03,0.02,0,0,0,0.02,1.1,Wild Mushrooms
119.34,0.27,0,0,0,0,0.01,0.42,13.5,Truffle Oil
364.78,916.22,0,22.07,19.67,0,69.05,1.36,122,Paneer
261.9,418.5,1.98,8.66,,,7.56,16.25,90,Naan Bread
225.72,471.24,15.64,17.86,0.32,4.95,3.76,36.63,198,Lentils
150.81,79.17,4.11,2.4,217,102,5,7,175.58,Roasted Vegetables
13.97,0.11,0.7,0.95,0,0.22,0.39,1.36,11,Kidney Beans
160,0,4,0,0,0,0,2,45,Mixed Grain
168.68,32.6,2.64,4.82,0.38,0,12.08,14.1,28.35,Tahini
380.25,559.26,3.86,10.18,0,0,4.56,21.45,117,Tortillas
195.13,463.22,0,8.35,0,0,2,9,140,Udon Noodles
3.75,2.7,0.38,0.19,0.29,9.15,0.6,0.39,15,Cabbage
23.8,6.3,1.77,1.58,0,0,0.15,1.58,70,Shiitake Mushrooms
71.88,0.45,0,0.08,0,0,0,0,29.1,Mirin
130,0,,0,,,,,14,Sesame Seed Oil
881.26,1950.51,7.09,34.86,0.11,0,16.8,70.4,324,Baguette
10,0,1,1,,,,,,Vine Tomatoes
965.02,7.91,0,1.69,0,0,0.23,1.07,113,Suet
71.04,23.04,4.42,2.07,0.08,80,8.26,4.69,192,Swede
87.57,615.51,0,13.97,0.54,0,0.25,2.91,63,Ham
40.75,53,0,4.72,2.44,5.33,0.4,12.78,25,Oysters
262.47,21.8,0,1.28,0,0,2,1,580,Stout
1849.1,0,0,0,0,0,0,0,205,Lard
38.36,42.28,0,6.62,2.55,5.6,0.5,19.29,28,Lamb Kidney
134.3,79.9,0,23.18,0,0,1.61,27.39,85,Beef Kidney
142.82,411.09,0,31.5,2.2,0,2.12,1.82,193,Haddock
98.6,648.55,0,21.45,1.36,0,4.17,6.61,85,Smoked Haddock
60.48,35.28,4.4,4.32,26.08,173.6,6.08,11.2,168,Brussels Sprouts
77.74,2.86,0.96,0.8,0,1,1.3,2.72,26,Raisins
407.52,11.52,9.79,5.88,2.1,11.28,12.38,26.08,144,Currants
43.01,29.61,0,1.41,1.28,0.06,4.9,0.66,35.25,Custard
90,20,1,0,0,2,2,4,30,Mixed Peel
62.72,1.12,4.82,1.57,0.94,76.53,3.7,6.22,112,Redcurrants
2.8,0.06,0.34,0.09,0.27,2.26,0.18,0.23,6.5,Blackberries
82.4,40,0.4,0.9,,,,,15,Hazlenuts
130,0,5,1,2,8,2,2,242,Braeburn Apples
5,1.5,,,,,,,,Red Food Colouring
103.9,60,5.7,10.2,,,,,25,Pink Food Colouring
103.9,60,5.7,10.2,,,,,25,Blue Food Colouring
103.9,60,5.7,10.2,,,,,25,Yellow Food Colouring
48.4,8,0.06,0.14,0.82,2.93,0.4,0.54,20,Apricot Jam
915.47,33.08,4.63,8.69,0,0,17,9,228.11,Marzipan
169.53,141.18,3.09,5.94,0.01,0,7.6,5.87,28.35,Almonds
379,680,0,14.6,0,0,0.6,35.56,100,Black Pudding
238.76,871.22,10.41,12.07,5.49,0,8.64,16.79,254,Baked Beans
455,2.5,3.38,12.91,0,0,1.88,32.22,125,White Flour
23.4,3.67,1.94,2.91,0,0.04,0.22,0.87,7.2,Yeast
1.19,24,,0,,,,,,Fruit Mix
110.25,10.08,3.49,1.08,12,3,2,6,45,Dried Fruit
5.17,0,0.17,0.09,0.1,0.96,0.11,0.16,8.2,Cherry
150.47,0,,0,,,,,,Glace Cherry
242.67,120,0.6,2.7,,,,,63,Treacle
101.36,61.6,2.8,3.34,14.41,0,9.83,38.45,28,Oatmeal
606.84,3.12,16.54,26.35,0,0,8.42,40.91,156,Oats
347.49,345.06,0,30.52,26.24,0,13.61,23.63,243,Egg
15,450,,0.5,,10,,,5,Beef Shin
7.87,7.06,0.78,0.53,3,8,3,5,3.7,Bouquet Garni
30,0,,0,0,0,0,0,9,Single Cream
5,1.5,,,,,,,,Red Wine Jelly
56.68,1.09,2.62,0.28,1.18,8.36,0.65,0.73,109,Apples
509.58,580.99,0,30.22,40.99,0,41.73,12.59,140,Goats Cheese
60,420,0,7,0,0,0,2,28,Prosciutto
35.85,0.55,0,0.04,2.5,0,0.12,0.01,5,Unsalted Butter
94.69,178.32,0,5.88,3.36,0,5.22,0.79,28.35,Brie
1.77,0.37,0.04,0.14,0.5,0.5,0.68,1.08,0.6,Tarragon Leaves
0.9,0.09,0.08,0.1,2.61,2.91,0.28,0.27,3,Chives
131.1,2.3,7.13,0.83,1.15,16.48,2.07,2.3,230,Pears
916.3,153,0.34,9.98,1.02,1.42,33.83,2.27,170,White Chocolate
7.08,0.34,0.31,0.37,0.13,0.73,1.36,4.31,2.1,Star Anise
0,280,0,0,0,0,0,0,1,Tiger Prawns
124,0,0,0.5,,,,,35,Custard Powder
653.72,40,16,6.9,,,,,100,Desiccated Coconut
197.34,182.16,11.39,13.03,106.26,41.75,6.07,21.36,253,Frozen Peas
240,280,1,10,0,4,2,15,105,Minced Pork
347.04,1258.02,5.78,8.39,7.13,36.95,1.45,10.18,482,Creamed Corn
5.16,2.14,0.25,0.28,0.35,1.31,0.22,1.01,2,Sun-Dried Tomatoes
5,120,,0,0,0,0,0,5,Dijon Mustard
0.13,31.72,0,0.01,0.04,1.5,0.01,0.03,1.2,Tabasco Sauce
123.76,0,0,0,0,0,0,0,14,Canola Oil
89.25,66.3,0,19.41,0.8,1.42,1.19,2.31,85,Cod
82.22,1992.15,0,17.81,0.79,1.65,4.54,3.94,28.35,Salt Cod
52.56,0.97,0.54,1.22,0,0,1,1,28.35,Ackee
40,190,0,0,2,4,0,0,18,Jerk
204.85,62.05,0,20.29,0.15,0,2.81,10.72,85,Ground Beef
311.93,520,,1.7,,,,,100,Baby Aubergine
150,0,3,3,,,,,47,Paella Rice
18,4.05,0.68,0.84,9,108,1,3,45,Scotch Bonnet
68.89,15.88,0,7.64,0,0,1,3,28.35,Oxtail
187,409.7,9.18,12.92,0.51,0.85,6.12,14.17,170,Broad Beans
108.8,48.45,0,22.36,1.96,2.27,3.4,1.13,85,Red Snapper
18.39,40,0,0.7,,,,,,Malt Vinegar
